
{
  "indexes": [
    {
      "collectionGroup": "agents",
      "queryScope": "COLLECTION",
      "fields": [
        {
          "fieldPath": "workspaceId",
          "order": "ASCENDING"
        },
        {
          "fieldPath": "createdAt",
          "order": "DESCENDING"
        }
      ]
    },
    {
      "collectionGroup": "documents",
      "queryScope": "COLLECTION",
      "fields": [
        {
          "fieldPath": "workspaceId",
          "order": "ASCENDING"
        },
        {
          "fieldPath": "createdAt",
          "order": "DESCENDING"
        }
      ]
    },
    {
      "collectionGroup": "prompts",
      "queryScope": "COLLECTION",
      "fields": [
        {
          "fieldPath": "visibility",
          "order": "ASCENDING"
        },
        {
          "fieldPath": "rating",
          "order": "DESCENDING"
        }
      ]
    },
    {
      "collectionGroup": "prompts",
      "queryScope": "COLLECTION",
      "fields": [
        {
          "fieldPath": "category",
          "order": "ASCENDING"
        },
        {
          "fieldPath": "usageCount",
          "order": "DESCENDING"
        }
      ]
    }
  ],
  "fieldOverrides": []
}
